{"RuleTriggered": 12, "Violations": 12, "Details": {"algo-1": {"cpu": {"p25": 12.622499999999999, "p50": 13.97625, "p75": 20.36875, "p95": 38.227749999999986, "upper": 31.988124999999997, "lower": 1.003124999999999}, "gpu0": {"p25": 0.0, "p50": 0.0, "p75": 0.0, "p95": 15.0, "upper": 0.0, "lower": 0.0}, "gpu0_memory": {"p25": 0.0, "p50": 0.0, "p75": 0.0, "p95": 0.0, "upper": 0.0, "lower": 0.0}}, "last_timestamp": 1642661820000000}, "Datapoints": 2429, "RuleParameters": "cpu_threshold_p95:70\ngpu_threshold_p95:70\ngpu_memory_threshold_p95:70\npatience:1000\nwindow:500"}