{"RuleTriggered": 1, "Violations": 1, "Details": {"pin_memory": false, "num_workers": 0, "cores": 8, "dataloaders": 1, "dataloading_time": {"p25": 4.470983, "p50": 4.493939, "p95": 4.821951500000001, "probs": [1, 0, 0, 0, 0, 0, 0, 0, 0, 0, 0, 0, 0, 0, 0, 0, 0, 0, 0, 0, 0, 0, 0, 0, 0, 0, 0, 0, 0, 0, 0, 0, 0, 0, 0, 0, 0, 0, 0, 0, 0, 0, 0, 0, 0, 0, 0, 0, 0, 0, 0, 0, 0, 0, 0, 0, 0, 0, 0, 0, 0, 0, 0, 0, 0, 0, 0, 0, 0, 0, 0, 0, 0, 0, 0, 0, 0, 0, 0, 0, 2, 3, 0, 0, 0, 1, 2, 0, 0, 0, 0, 1, 0, 0, 0, 0, 0, 0, 0, 1], "binedges": [2.554109, 2.57779323, 2.60147746, 2.62516169, 2.64884592, 2.67253015, 2.69621438, 2.71989861, 2.74358284, 2.76726707, 2.7909513, 2.81463553, 2.83831976, 2.86200399, 2.88568822, 2.90937245, 2.93305668, 2.95674091, 2.98042514, 3.00410937, 3.0277936, 3.05147783, 3.0751620600000003, 3.09884629, 3.12253052, 3.14621475, 3.16989898, 3.19358321, 3.21726744, 3.2409516700000003, 3.2646359, 3.2883201300000002, 3.31200436, 3.33568859, 3.35937282, 3.38305705, 3.4067412800000003, 3.43042551, 3.4541097400000003, 3.47779397, 3.5014782, 3.52516243, 3.54884666, 3.5725308900000003, 3.59621512, 3.61989935, 3.64358358, 3.6672678100000002, 3.69095204, 3.71463627, 3.7383205000000004, 3.76200473, 3.78568896, 3.80937319, 3.8330574200000003, 3.85674165, 3.88042588, 3.9041101100000004, 3.92779434, 3.95147857, 3.9751628, 3.9988470300000003, 4.02253126, 4.04621549, 4.06989972, 4.09358395, 4.11726818, 4.140952410000001, 4.16463664, 4.18832087, 4.212005100000001, 4.2356893300000005, 4.25937356, 4.28305779, 4.30674202, 4.33042625, 4.35411048, 4.37779471, 4.4014789400000005, 4.42516317, 4.4488474, 4.472531630000001, 4.49621586, 4.51990009, 4.543584320000001, 4.56726855, 4.59095278, 4.614637010000001, 4.63832124, 4.66200547, 4.6856897, 4.70937393, 4.733058160000001, 4.75674239, 4.78042662, 4.804110850000001, 4.8277950800000005, 4.85147931, 4.875163540000001, 4.89884777, 4.922532]}}, "Datapoints": 11, "RuleParameters": "min_threshold:70\nmax_threshold:200"}