{"RuleTriggered": 0, "Violations": 239, "Details": {"low_gpu_utilization": 2296, "bottlenecks": {"1642661884.354118": {"GPUs": 1, "CPUs": 1}, "1642661885.354157": {"GPUs": 1, "CPUs": 1}, "1642661885.854104": {"GPUs": 1, "CPUs": 1}, "1642661886.354092": {"GPUs": 1, "CPUs": 1}, "1642661892.354093": {"GPUs": 1, "CPUs": 1}, "1642661892.854178": {"GPUs": 1, "CPUs": 2}, "1642661893.354088": {"GPUs": 1, "CPUs": 2}, "1642661893.854089": {"GPUs": 1, "CPUs": 2}, "1642661904.854108": {"GPUs": 1, "CPUs": 1}, "1642661905.354059": {"GPUs": 1, "CPUs": 1}, "1642661910.854097": {"GPUs": 1, "CPUs": 1}, "1642661911.354101": {"GPUs": 1, "CPUs": 1}, "1642661911.854092": {"GPUs": 1, "CPUs": 1}, "1642661927.854082": {"GPUs": 1, "CPUs": 1}, "1642661928.354086": {"GPUs": 1, "CPUs": 1}, "1642661928.854084": {"GPUs": 1, "CPUs": 1}, "1642661929.354088": {"GPUs": 1, "CPUs": 1}, "1642661929.854095": {"GPUs": 1, "CPUs": 1}, "1642661930.354061": {"GPUs": 1, "CPUs": 1}, "1642661930.854123": {"GPUs": 1, "CPUs": 2}, "1642661931.354113": {"GPUs": 1, "CPUs": 1}, "1642661931.854123": {"GPUs": 1, "CPUs": 1}, "1642661932.354093": {"GPUs": 1, "CPUs": 1}, "1642661932.854063": {"GPUs": 1, "CPUs": 1}, "1642661933.354111": {"GPUs": 1, "CPUs": 1}, "1642661933.854089": {"GPUs": 1, "CPUs": 1}, "1642661934.854091": {"GPUs": 1, "CPUs": 1}, "1642661935.354067": {"GPUs": 1, "CPUs": 1}, "1642661935.854164": {"GPUs": 1, "CPUs": 1}, "1642661936.35411": {"GPUs": 1, "CPUs": 1}, "1642661936.854094": {"GPUs": 1, "CPUs": 1}, "1642661937.354084": {"GPUs": 1, "CPUs": 2}, "1642661937.854135": {"GPUs": 1, "CPUs": 1}, "1642661938.354087": {"GPUs": 1, "CPUs": 1}, "1642661938.854092": {"GPUs": 1, "CPUs": 1}, "1642661939.354089": {"GPUs": 1, "CPUs": 1}, "1642661939.854062": {"GPUs": 1, "CPUs": 2}, "1642661940.354112": {"GPUs": 1, "CPUs": 1}, "1642661940.854097": {"GPUs": 1, "CPUs": 1}, "1642661941.354092": {"GPUs": 1, "CPUs": 1}, "1642661942.354093": {"GPUs": 1, "CPUs": 3}, "1642661944.354116": {"GPUs": 1, "CPUs": 1}, "1642661945.854166": {"GPUs": 1, "CPUs": 1}, "1642661946.354117": {"GPUs": 1, "CPUs": 2}, "1642661946.854075": {"GPUs": 1, "CPUs": 1}, "1642661947.354105": {"GPUs": 1, "CPUs": 1}, "1642661947.854094": {"GPUs": 1, "CPUs": 2}, "1642661953.354077": {"GPUs": 1, "CPUs": 1}, "1642661953.85402": {"GPUs": 1, "CPUs": 2}, "1642661954.354126": {"GPUs": 1, "CPUs": 2}, "1642661954.854102": {"GPUs": 1, "CPUs": 2}, "1642661955.354073": {"GPUs": 1, "CPUs": 2}, "1642661986.854115": {"GPUs": 1, "CPUs": 1}, "1642661987.354091": {"GPUs": 1, "CPUs": 1}, "1642661989.854107": {"GPUs": 1, "CPUs": 1}, "1642661990.354088": {"GPUs": 1, "CPUs": 1}, "1642661992.354138": {"GPUs": 1, "CPUs": 1}, "1642661992.854103": {"GPUs": 1, "CPUs": 1}, "1642661993.354114": {"GPUs": 1, "CPUs": 1}, "1642661993.854154": {"GPUs": 1, "CPUs": 1}, "1642661994.354124": {"GPUs": 1, "CPUs": 1}, "1642661994.854132": {"GPUs": 1, "CPUs": 1}, "1642661995.354096": {"GPUs": 1, "CPUs": 1}, "1642662027.354113": {"GPUs": 1, "CPUs": 1}, "1642662027.854121": {"GPUs": 1, "CPUs": 1}, "1642662028.354113": {"GPUs": 1, "CPUs": 1}, "1642662030.354103": {"GPUs": 1, "CPUs": 1}, "1642662030.854096": {"GPUs": 1, "CPUs": 1}, "1642662031.354096": {"GPUs": 1, "CPUs": 1}, "1642662031.854114": {"GPUs": 1, "CPUs": 1}, "1642662032.354156": {"GPUs": 1, "CPUs": 1}, "1642662033.354095": {"GPUs": 1, "CPUs": 1}, "1642662034.354079": {"GPUs": 1, "CPUs": 2}, "1642662034.854097": {"GPUs": 1, "CPUs": 1}, "1642662035.354059": {"GPUs": 1, "CPUs": 1}, "1642662035.854077": {"GPUs": 1, "CPUs": 1}, "1642662036.354071": {"GPUs": 1, "CPUs": 2}, "1642662036.854082": {"GPUs": 1, "CPUs": 2}, "1642662038.854097": {"GPUs": 1, "CPUs": 2}, "1642662039.354129": {"GPUs": 1, "CPUs": 2}, "1642662039.854099": {"GPUs": 1, "CPUs": 2}, "1642662040.354097": {"GPUs": 1, "CPUs": 2}, "1642662040.8541": {"GPUs": 1, "CPUs": 1}, "1642662041.354091": {"GPUs": 1, "CPUs": 1}, "1642662041.854099": {"GPUs": 1, "CPUs": 1}, "1642662042.354058": {"GPUs": 1, "CPUs": 1}, "1642662044.354093": {"GPUs": 1, "CPUs": 2}, "1642662044.854093": {"GPUs": 1, "CPUs": 2}, "1642662045.354053": {"GPUs": 1, "CPUs": 2}, "1642662045.854081": {"GPUs": 1, "CPUs": 1}, "1642662046.354084": {"GPUs": 1, "CPUs": 2}, "1642662046.85406": {"GPUs": 1, "CPUs": 2}, "1642662048.854114": {"GPUs": 1, "CPUs": 1}, "1642662049.354089": {"GPUs": 1, "CPUs": 3}, "1642662049.854082": {"GPUs": 1, "CPUs": 3}, "1642662050.354084": {"GPUs": 1, "CPUs": 3}, "1642662050.854082": {"GPUs": 1, "CPUs": 3}, "1642662051.354089": {"GPUs": 1, "CPUs": 3}, "1642662051.854094": {"GPUs": 1, "CPUs": 3}, "1642662052.354084": {"GPUs": 1, "CPUs": 3}, "1642662052.854176": {"GPUs": 1, "CPUs": 2}, "1642662053.354112": {"GPUs": 1, "CPUs": 2}, "1642662053.854092": {"GPUs": 1, "CPUs": 2}, "1642662054.354088": {"GPUs": 1, "CPUs": 2}, "1642662054.854089": {"GPUs": 1, "CPUs": 2}, "1642662055.35406": {"GPUs": 1, "CPUs": 2}, "1642662055.854086": {"GPUs": 1, "CPUs": 2}, "1642662056.354091": {"GPUs": 1, "CPUs": 2}, "1642662056.854104": {"GPUs": 1, "CPUs": 2}, "1642662057.354082": {"GPUs": 1, "CPUs": 2}, "1642662057.85409": {"GPUs": 1, "CPUs": 2}, "1642662058.354089": {"GPUs": 1, "CPUs": 2}, "1642662058.854087": {"GPUs": 1, "CPUs": 2}, "1642662059.354091": {"GPUs": 1, "CPUs": 3}, "1642662059.854095": {"GPUs": 1, "CPUs": 2}, "1642662060.354071": {"GPUs": 1, "CPUs": 2}, "1642662060.854066": {"GPUs": 1, "CPUs": 2}, "1642662061.354115": {"GPUs": 1, "CPUs": 2}, "1642662061.854053": {"GPUs": 1, "CPUs": 2}, "1642662062.354114": {"GPUs": 1, "CPUs": 3}, "1642662062.854095": {"GPUs": 1, "CPUs": 3}, "1642662063.354092": {"GPUs": 1, "CPUs": 4}, "1642662063.854105": {"GPUs": 1, "CPUs": 4}, "1642662064.354093": {"GPUs": 1, "CPUs": 4}, "1642662064.854099": {"GPUs": 1, "CPUs": 4}, "1642662065.354061": {"GPUs": 1, "CPUs": 4}, "1642662065.854134": {"GPUs": 1, "CPUs": 4}, "1642662066.354084": {"GPUs": 1, "CPUs": 4}, "1642662066.854093": {"GPUs": 1, "CPUs": 4}, "1642662067.354088": {"GPUs": 1, "CPUs": 4}, "1642662073.854143": {"GPUs": 1, "CPUs": 1}, "1642662074.35416": {"GPUs": 1, "CPUs": 2}, "1642662074.854095": {"GPUs": 1, "CPUs": 1}, "1642662075.354056": {"GPUs": 1, "CPUs": 1}, "1642662075.85416": {"GPUs": 1, "CPUs": 1}, "1642662076.354105": {"GPUs": 1, "CPUs": 1}, "1642662076.854137": {"GPUs": 1, "CPUs": 1}, "1642662094.854113": {"GPUs": 1, "CPUs": 2}, "1642662095.354053": {"GPUs": 1, "CPUs": 2}, "1642662095.854148": {"GPUs": 1, "CPUs": 2}, "1642662096.354128": {"GPUs": 1, "CPUs": 3}, "1642662096.854168": {"GPUs": 1, "CPUs": 3}, "1642662097.354108": {"GPUs": 1, "CPUs": 3}, "1642662097.854086": {"GPUs": 1, "CPUs": 2}, "1642662098.354106": {"GPUs": 1, "CPUs": 2}, "1642662098.854156": {"GPUs": 1, "CPUs": 2}, "1642662099.35415": {"GPUs": 1, "CPUs": 2}, "1642662099.854089": {"GPUs": 1, "CPUs": 2}, "1642662100.354085": {"GPUs": 1, "CPUs": 2}, "1642662100.854379": {"GPUs": 1, "CPUs": 2}, "1642662111.854116": {"GPUs": 1, "CPUs": 1}, "1642662112.35423": {"GPUs": 1, "CPUs": 1}, "1642662112.854144": {"GPUs": 1, "CPUs": 1}, "1642662113.354064": {"GPUs": 1, "CPUs": 1}, "1642662113.854058": {"GPUs": 1, "CPUs": 1}, "1642662114.354214": {"GPUs": 1, "CPUs": 2}, "1642662114.854102": {"GPUs": 1, "CPUs": 1}, "1642662115.354062": {"GPUs": 1, "CPUs": 2}, "1642662115.854078": {"GPUs": 1, "CPUs": 2}, "1642662116.354154": {"GPUs": 1, "CPUs": 2}, "1642662116.854085": {"GPUs": 1, "CPUs": 2}, "1642662117.354082": {"GPUs": 1, "CPUs": 2}, "1642662117.854206": {"GPUs": 1, "CPUs": 2}, "1642662122.354125": {"GPUs": 1, "CPUs": 3}, "1642662134.35414": {"GPUs": 1, "CPUs": 1}, "1642662135.35408": {"GPUs": 1, "CPUs": 1}, "1642662135.854109": {"GPUs": 1, "CPUs": 1}, "1642662143.354068": {"GPUs": 1, "CPUs": 2}, "1642662143.85415": {"GPUs": 1, "CPUs": 2}, "1642662144.354181": {"GPUs": 1, "CPUs": 2}, "1642662144.854128": {"GPUs": 1, "CPUs": 2}, "1642662145.354067": {"GPUs": 1, "CPUs": 3}, "1642662145.85406": {"GPUs": 1, "CPUs": 3}, "1642662146.354218": {"GPUs": 1, "CPUs": 3}, "1642662146.854101": {"GPUs": 1, "CPUs": 3}, "1642662147.354162": {"GPUs": 1,