{"RuleTriggered": 0, "Violations": 0, "Details": {"step_num": {"first": 1642662212371909, "last": 1642663079545596}, "job_start": 1642661865.354031, "job_end": 1642663079.854497}, "Datapoints": 57, "RuleParameters": "threshold:20"}