{"RuleTriggered": 0, "Violations": 0, "Details": {"ratio": {"gpu_functions-dev:0": 50.31065392961902, "cpu_functions": 49.68934607038098}, "phase": {"Step:ModeKeys.TRAIN": 127.6879598266598, "others": -28.295561580579825, "Step:ModeKeys.EVAL": 0.6076017539200057}, "phase_time": {}, "CPU": {"aten::conv2d": 7.982270965507293, "aten::convolution": 7.973178668782263, "aten::_convolution": 7.966010531917211, "aten::cudnn_convolution": 7.955448690168453, "aten::to": 3.9332629114769673, "aten::copy_": 3.068220159107803, "aten::item": 2.488988520575159, "enumerate(DataLoader)#_SingleProcessDataLoaderIter.__next__": 51.73375320998609, "aten::lt": 3.304582930089289, "aten::eq": 3.5942834123894505}, "CPU_total": {"aten::conv2d": 7778334, "aten::convolution": 7769474, "aten::_convolution": 7762489, "aten::cudnn_convolution": 7752197, "aten::to": 3832773, "aten::copy_": 2989831, "aten::item": 2425398, "enumerate(DataLoader)#_SingleProcessDataLoaderIter.__next__": 50412021, "aten::lt": 3220155, "aten::eq": 3502454}, "GPU": {"aten::conv2d": 8.982994498780004, "aten::convolution": 8.978057875421294, "aten::_convolution": 8.973666512159477, "aten::cudnn_convolution": 8.967151663742541, "aten::to": 3.602600103064255, "aten::copy_": 2.819251175123861, "enumerate(DataLoader)#_SingleProcessDataLoaderIter.__next__": 50.90362270303503, "aten::lt": 3.2434918032513758, "aten::eq": 3.529163665422144}, "GPU_total": {"aten::conv2d": 8896336, "aten::convolution": 8891447, "aten::_convolution": 8887098, "aten::cudnn_convolution": 8880646, "aten::to": 3567846, "aten::copy_": 2792054, "enumerate(DataLoader)#_SingleProcessDataLoaderIter.__next__": 50412558, "aten::lt": 3212202, "aten::eq": 3495118}, "general": {"DataLoaderIterInitialize": 0.0002917890020396105, "DataLoaderIter": 3.7300281850209047, "Forward": 96.26968002597705}}, "Datapoints": 0, "RuleParameters": ""}