{"RuleTriggered": 0, "Violations": 320, "Details": {"low_gpu_utilization": 777, "bottlenecks": {"1642676423.38144": {"GPUs": 1, "CPUs": 1}, "1642676423.881731": {"GPUs": 1, "CPUs": 1}, "1642676424.381413": {"GPUs": 1, "CPUs": 1}, "1642676424.881391": {"GPUs": 1, "CPUs": 2}, "1642676425.381397": {"GPUs": 1, "CPUs": 1}, "1642676430.881416": {"GPUs": 1, "CPUs": 1}, "1642676432.881421": {"GPUs": 1, "CPUs": 1}, "1642676433.881367": {"GPUs": 1, "CPUs": 1}, "1642676434.88136": {"GPUs": 1, "CPUs": 1}, "1642676437.881413": {"GPUs": 1, "CPUs": 1}, "1642676439.881395": {"GPUs": 1, "CPUs": 1}, "1642676445.381391": {"GPUs": 1, "CPUs": 1}, "1642676447.881381": {"GPUs": 1, "CPUs": 1}, "1642676450.881455": {"GPUs": 1, "CPUs": 1}, "1642676451.381403": {"GPUs": 1, "CPUs": 2}, "1642676451.881353": {"GPUs": 1, "CPUs": 1}, "1642676452.381406": {"GPUs": 1, "CPUs": 3}, "1642676452.881383": {"GPUs": 1, "CPUs": 4}, "1642676453.381404": {"GPUs": 1, "CPUs": 5}, "1642676453.881446": {"GPUs": 1, "CPUs": 4}, "1642676454.381399": {"GPUs": 1, "CPUs": 2}, "1642676454.881438": {"GPUs": 1, "CPUs": 1}, "1642676456.381391": {"GPUs": 1, "CPUs": 1}, "1642676457.381409": {"GPUs": 1, "CPUs": 1}, "1642676457.881583": {"GPUs": 1, "CPUs": 2}, "1642676461.881328": {"GPUs": 1, "CPUs": 1}, "1642676463.381428": {"GPUs": 1, "CPUs": 1}, "1642676465.38141": {"GPUs": 1, "CPUs": 1}, "1642676469.881353": {"GPUs": 1, "CPUs": 1}, "1642676470.381428": {"GPUs": 1, "CPUs": 1}, "1642676471.381384": {"GPUs": 1, "CPUs": 1}, "1642676474.881376": {"GPUs": 1, "CPUs": 1}, "1642676475.88135": {"GPUs": 1, "CPUs": 1}, "1642676478.381383": {"GPUs": 1, "CPUs": 1}, "1642676478.882167": {"GPUs": 1, "CPUs": 1}, "1642676479.381422": {"GPUs": 1, "CPUs": 1}, "1642676479.881391": {"GPUs": 1, "CPUs": 1}, "1642676480.381389": {"GPUs": 1, "CPUs": 1}, "1642676480.881405": {"GPUs": 1, "CPUs": 1}, "1642676482.38136": {"GPUs": 1, "CPUs": 1}, "1642676482.881367": {"GPUs": 1, "CPUs": 1}, "1642676483.381409": {"GPUs": 1, "CPUs": 1}, "1642676486.381357": {"GPUs": 1, "CPUs": 1}, "1642676488.381412": {"GPUs": 1, "CPUs": 1}, "1642676488.881378": {"GPUs": 1, "CPUs": 1}, "1642676489.381392": {"GPUs": 1, "CPUs": 1}, "1642676489.881413": {"GPUs": 1, "CPUs": 1}, "1642676490.381392": {"GPUs": 1, "CPUs": 1}, "1642676490.8814": {"GPUs": 1, "CPUs": 1}, "1642676491.381409": {"GPUs": 1, "CPUs": 1}, "1642676491.881368": {"GPUs": 1, "CPUs": 1}, "1642676492.381371": {"GPUs": 1, "CPUs": 1}, "1642676492.881375": {"GPUs": 1, "CPUs": 3}, "1642676493.381347": {"GPUs": 1, "CPUs": 3}, "1642676493.881413": {"GPUs": 1, "CPUs": 3}, "1642676494.381346": {"GPUs": 1, "CPUs": 3}, "1642676494.881409": {"GPUs": 1, "CPUs": 3}, "1642676495.381376": {"GPUs": 1, "CPUs": 3}, "1642676495.881431": {"GPUs": 1, "CPUs": 3}, "1642676496.381374": {"GPUs": 1, "CPUs": 3}, "1642676496.88137": {"GPUs": 1, "CPUs": 3}, "1642676497.381403": {"GPUs": 1, "CPUs": 3}, "1642676497.881366": {"GPUs": 1, "CPUs": 1}, "1642676498.381399": {"GPUs": 1, "CPUs": 1}, "1642676498.881377": {"GPUs": 1, "CPUs": 1}, "1642676499.381363": {"GPUs": 1, "CPUs": 1}, "1642676499.88138": {"GPUs": 1, "CPUs": 1}, "1642676500.381342": {"GPUs": 1, "CPUs": 1}, "1642676500.881397": {"GPUs": 1, "CPUs": 1}, "1642676501.381371": {"GPUs": 1, "CPUs": 1}, "1642676501.881346": {"GPUs": 1, "CPUs": 1}, "1642676502.381373": {"GPUs": 1, "CPUs": 1}, "1642676502.881378": {"GPUs": 1, "CPUs": 1}, "1642676503.381376": {"GPUs": 1, "CPUs": 2}, "1642676503.881378": {"GPUs": 1, "CPUs": 2}, "1642676504.38137": {"GPUs": 1, "CPUs": 2}, "1642676504.881378": {"GPUs": 1, "CPUs": 1}, "1642676505.381351": {"GPUs": 1, "CPUs": 1}, "1642676505.881374": {"GPUs": 1, "CPUs": 1}, "1642676506.381387": {"GPUs": 1, "CPUs": 1}, "1642676506.881373": {"GPUs": 1, "CPUs": 1}, "1642676507.381381": {"GPUs": 1, "CPUs": 1}, "1642676507.881368": {"GPUs": 1, "CPUs": 2}, "1642676508.381358": {"GPUs": 1, "CPUs": 3}, "1642676508.881356": {"GPUs": 1, "CPUs": 3}, "1642676509.381388": {"GPUs": 1, "CPUs": 3}, "1642676509.881418": {"GPUs": 1, "CPUs": 3}, "1642676510.381382": {"GPUs": 1, "CPUs": 2}, "1642676514.881384": {"GPUs": 1, "CPUs": 2}, "1642676515.381367": {"GPUs": 1, "CPUs": 3}, "1642676515.881365": {"GPUs": 1, "CPUs": 3}, "1642676516.381364": {"GPUs": 1, "CPUs": 3}, "1642676516.88139": {"GPUs": 1, "CPUs": 3}, "1642676517.381366": {"GPUs": 1, "CPUs": 3}, "1642676517.881375": {"GPUs": 1, "CPUs": 1}, "1642676518.381373": {"GPUs": 1, "CPUs": 2}, "1642676518.881378": {"GPUs": 1, "CPUs": 2}, "1642676519.381375": {"GPUs": 1, "CPUs": 1}, "1642676520.381396": {"GPUs": 1, "CPUs": 1}, "1642676522.386261": {"GPUs": 1, "CPUs": 1}, "1642676526.381393": {"GPUs": 1, "CPUs": 1}, "1642676526.881382": {"GPUs": 1, "CPUs": 1}, "1642676527.381382": {"GPUs": 1, "CPUs": 2}, "1642676527.881354": {"GPUs": 1, "CPUs": 2}, "1642676528.381392": {"GPUs": 1, "CPUs": 2}, "1642676536.881376": {"GPUs": 1, "CPUs": 1}, "1642676537.381423": {"GPUs": 1, "CPUs": 1}, "1642676537.881357": {"GPUs": 1, "CPUs": 1}, "1642676538.381451": {"GPUs": 1, "CPUs": 1}, "1642676538.881389": {"GPUs": 1, "CPUs": 1}, "1642676539.381346": {"GPUs": 1, "CPUs": 1}, "1642676539.881394": {"GPUs": 1, "CPUs": 2}, "1642676547.881378": {"GPUs": 1, "CPUs": 3}, "1642676548.381353": {"GPUs": 1, "CPUs": 3}, "1642676548.881415": {"GPUs": 1, "CPUs": 2}, "1642676549.381376": {"GPUs": 1, "CPUs": 2}, "1642676549.881385": {"GPUs": 1, "CPUs": 2}, "1642676550.381387": {"GPUs": 1, "CPUs": 2}, "1642676550.881373": {"GPUs": 1, "CPUs": 2}, "1642676551.381379": {"GPUs": 1, "CPUs": 2}, "1642676551.881367": {"GPUs": 1, "CPUs": 2}, "1642676552.381364": {"GPUs": 1, "CPUs": 1}, "1642676552.881373": {"GPUs": 1, "CPUs": 1}, "1642676553.381377": {"GPUs": 1, "CPUs": 2}, "1642676553.881382": {"GPUs": 1, "CPUs": 1}, "1642676564.881377": {"GPUs": 1, "CPUs": 2}, "1642676565.381398": {"GPUs": 1, "CPUs": 2}, "1642676565.881378": {"GPUs": 1, "CPUs": 2}, "1642676566.381378": {"GPUs": 1, "CPUs": 2}, "1642676566.88138": {"GPUs": 1, "CPUs": 2}, "1642676567.381357": {"GPUs": 1, "CPUs": 2}, "1642676568.381377": {"GPUs": 1, "CPUs": 1}, "1642676568.88138": {"GPUs": 1, "CPUs": 2}, "1642676569.381384": {"GPUs": 1, "CPUs": 2}, "1642676569.881375": {"GPUs": 1, "CPUs": 2}, "1642676570.381379": {"GPUs": 1, "CPUs": 2}, "1642676570.881349": {"GPUs": 1, "CPUs": 2}, "1642676587.881375": {"GPUs": 1, "CPUs": 1}, "1642676588.381362": {"GPUs": 1, "CPUs": 1}, "1642676588.881364": {"GPUs": 1, "CPUs": 1}, "1642676590.381367": {"GPUs": 1, "CPUs": 1}, "1642676592.381358": {"GPUs": 1, "CPUs": 1}, "1642676592.881399": {"GPUs": 1, "CPUs": 1}, "1642676596.381368": {"GPUs": 1, "CPUs": 2}, "1642676596.881378": {"GPUs": 1, "CPUs": 2}, "1642676597.381367": {"GPUs": 1, "CPUs": 2}, "1642676597.881366": {"GPUs": 1, "CPUs": 3}, "1642676598.381382": {"GPUs": 1, "CPUs": 2}, "1642676598.881386": {"GPUs": 1, "CPUs": 2}, "1642676599.381376": {"GPUs": 1, "CPUs": 2}, "1642676599.881368": {"GPUs": 1, "CPUs": 2}, "1642676600.381383": {"GPUs": 1, "CPUs": 3}, "1642676600.881382": {"GPUs": 1, "CPUs": 2}, "1642676601.381351": {"GPUs": 1, "CPUs": 2}, "1642676601.881338": {"GPUs": 1, "CPUs": 2}, "1642676602.381407": {"GPUs": 1, "CPUs": 2}, "1642676602.881377": {"GPUs": 1, "CPUs": 2}, "1642676603.38137": {"GPUs": 1, "CPUs": 2}, "1642676603.881377": {"GPUs": 1, "CPUs": 2}, "1642676604.381379": {"GPUs": 1, "CPUs": 2}, "1642676604.881392": {"GPUs": 1, "CPUs": 2}, "1642676605.381391": {"GPUs": 1, "CPUs": 2}, "1642676605.881379": {"GPUs": 1, "CPUs": 2}, "1642676606.381399": {"GPUs": 1, "CPUs": 2}, "1642676606.881383": {"GPUs": 1, "CPUs": 1}, "1642676615.381367": {"GPUs": 1, "CPUs": 2}, "1642676615.881381": {"GPUs": 1, "CPUs": 2}, "1642676616.381392": {"GPUs": 1, "CPUs": 2}, "1642676616.881371": {"GPUs": 1, "CPUs": 2}, "1642676617.381374": {"GPUs": 1, "CPUs": 2}, "1642676617.881391": {"GPUs": 1, "CPUs": 1}, "1642676618.881385": {"GPUs": 1, "CPUs": 1}, "1642676623.381375": {"GPUs": 1, "CPUs": 1}, "1642676627.381406": {"GPUs": 1, "CPUs": 1}, "1642676627.881368": {"GPUs": 1, "CPUs": 1}, "1642676636.8814": {"GPUs": 1, "CPUs": 1},