{"RuleTriggered": 0, "Violations": 0, "Details": {"pin_memory": false, "num_workers": 0, "cores": 8, "dataloaders": 1, "dataloading_time": {"p25": 3.4232975000000003, "p50": 4.40965, "p95": 4.795489, "probs": [1, 0, 0, 0, 0, 0, 0, 0, 0, 0, 0, 0, 0, 0, 0, 0, 0, 0, 0, 0, 0, 0, 0, 0, 0, 0, 0, 0, 0, 0, 0, 0, 0, 0, 0, 0, 0, 0, 0, 0, 0, 0, 0, 0, 0, 0, 0, 0, 0, 0, 0, 0, 0, 0, 0, 0, 0, 0, 0, 0, 0, 0, 0, 0, 0, 0, 0, 0, 0, 0, 0, 0, 0, 0, 0, 0, 0, 0, 0, 0, 0, 0, 1, 0, 0, 0, 0, 0, 0, 0, 0, 0, 0, 0, 0, 0, 0, 0, 0, 1], "binedges": [2.436945, 2.4609591500000003, 2.4849733, 2.5089874500000002, 2.5330016, 2.55701575, 2.5810299000000003, 2.60504405, 2.6290582000000002, 2.65307235, 2.6770865, 2.70110065, 2.7251148, 2.7491289500000002, 2.7731431, 2.79715725, 2.8211714, 2.84518555, 2.8691997000000002, 2.89321385, 2.917228, 2.94124215, 2.9652563, 2.9892704500000002, 3.0132846, 3.03729875, 3.0613129, 3.08532705, 3.1093412000000002, 3.13335535, 3.1573695, 3.18138365, 3.2053978, 3.2294119500000003, 3.2534261, 3.27744025, 3.3014544, 3.32546855, 3.3494827000000003, 3.37349685, 3.397511, 3.42152515, 3.4455393, 3.4695534500000003, 3.4935676, 3.5175817499999997, 3.5415959, 3.56561005, 3.5896242000000003, 3.61363835, 3.6376524999999997, 3.66166665, 3.6856808, 3.7096949500000003, 3.7337091, 3.7577232499999997, 3.7817374, 3.80575155, 3.8297657000000003, 3.85377985, 3.8777939999999997, 3.90180815, 3.9258223, 3.9498364500000003, 3.9738506, 3.9978647499999997, 4.0218789, 4.04589305, 4.0699072, 4.0939213500000005, 4.1179355, 4.14194965, 4.1659638, 4.18997795, 4.2139921000000005, 4.23800625, 4.2620204, 4.28603455, 4.3100487, 4.3340628500000005, 4.358077, 4.38209115, 4.4061053, 4.43011945, 4.4541336000000005, 4.47814775, 4.5021619, 4.52617605, 4.550190199999999, 4.5742043500000005, 4.5982185, 4.62223265, 4.6462468, 4.670260949999999, 4.6942751000000005, 4.71828925, 4.7423034, 4.76631755, 4.790331699999999, 4.8143458500000005, 4.83836]}}, "Datapoints": 3, "RuleParameters": "min_threshold:70\nmax_threshold:200"}