{"RuleTriggered": 0, "Violations": 0, "Details": {"step_num": {"first": 1642676663985595, "last": 1642676769634873}, "job_start": 1642676421.881244, "job_end": 1642676819.881607}, "Datapoints": 5, "RuleParameters": "threshold:20"}