{"RuleTriggered": 0, "Violations": 0, "Details": {"ratio": {"gpu_functions-dev:0": 50.080801745253765, "cpu_functions": 49.919198254746235}, "phase": {"Step:ModeKeys.TRAIN": 129.3224641718135, "others": -29.322464171813508}, "phase_time": {}, "CPU": {"aten::conv2d": 16.979820565593634, "aten::convolution": 16.975108346438862, "aten::_convolution": 16.971641788470507, "aten::cudnn_convolution": 16.96537089583119, "aten::to": 3.917259478954619, "aten::copy_": 3.528304435164943, "aten::linear": 2.4847597612512535, "aten::addmm": 2.4810249070273627, "enumerate(DataLoader)#_SingleProcessDataLoaderIter.__next__": 19.696709821267643}, "CPU_total": {"aten::conv2d": 7974235, "aten::convolution": 7972022, "aten::_convolution": 7970394, "aten::cudnn_convolution": 7967449, "aten::to": 1839663, "aten::copy_": 1656998, "aten::linear": 1166918, "aten::addmm": 1165164, "enumerate(DataLoader)#_SingleProcessDataLoaderIter.__next__": 9250168}, "GPU": {"aten::conv2d": 17.275078971816075, "aten::convolution": 17.272261936035548, "aten::_convolution": 17.270081209010232, "aten::cudnn_convolution": 17.265077125256497, "aten::to": 3.4335662897611847, "aten::copy_": 3.075511982030978, "aten::linear": 2.4609662504364613, "aten::addmm": 2.4573654171164026, "enumerate(DataLoader)#_SingleProcessDataLoaderIter.__next__": 19.490090818536622}, "GPU_total": {"aten::conv2d": 8198966, "aten::convolution": 8197629, "aten::_convolution": 8196594, "aten::cudnn_convolution": 8194219, "aten::to": 1629613, "aten::copy_": 1459676, "aten::linear": 1168005, "aten::addmm": 1166296, "enumerate(DataLoader)#_SingleProcessDataLoaderIter.__next__": 9250238}, "general": {"DataLoaderIterInitialize": 0.001299027891892555, "DataLoaderIter": 3.4064368178880993, "Forward": 96.59226415422}}, "Datapoints": 0, "RuleParameters": ""}